{
	"info": {
		"_postman_id": "7180655e-2936-48ec-aa9c-e5047f3137a5",
		"name": "Member Deploy Heroku",
		"schema": "https://schema.getpostman.com/json/collection/v2.1.0/collection.json",
		"_exporter_id": "16666270"
	},
	"item": [
		{
			"name": "Melihat daftar anggota di PostgreSQL",
			"request": {
				"method": "GET",
				"header": [],
				"url": {
					"raw": "https://financial-alami.herokuapp.com/api/v1/member",
					"protocol": "https",
					"host": [
						"financial-alami",
						"herokuapp",
						"com"
					],
					"path": [
						"api",
						"v1",
						"member"
					]
				}
			},
			"response": [
				{
					"name": "Get All Member",
					"originalRequest": {
						"method": "GET",
						"header": [],
						"url": {
							"raw": "localhost:8080/api/v1/member",
							"host": [
								"localhost"
							],
							"port": "8080",
							"path": [
								"api",
								"v1",
								"member"
							]
						}
					},
					"status": "OK",
					"code": 200,
					"_postman_previewlanguage": null,
					"header": null,
					"cookie": [],
					"body": "{\n    \"status_code\": 200,\n    \"message\": \"Success Get Data !\",\n    \"data\": [\n        {\n            \"id\": 1,\n            \"name\": \"Wawan Setiawan\",\n            \"address\": \"kompleks Asia Serasi No 100\",\n            \"birth_date\": \"1990-01-10\",\n            \"balance\": 100000\n        },\n        {\n            \"id\": 2,\n            \"name\": \"Teguh Sudibyantoro\",\n            \"address\": \"Jalan Pemekaran No 99\",\n            \"birth_date\": \"1991-02-10\",\n            \"balance\": 100000\n        },\n        {\n            \"id\": 3,\n            \"name\": \"Joko Widodo\",\n            \"address\": \"Dusun Pisang Rt 10 Rw 20\",\n            \"birth_date\": \"1992-03-10\",\n            \"balance\": 100000\n        }\n    ]\n}"
				}
			]
		},
		{
			"name": "Menambah anggota di PostgreSQL",
			"request": {
				"method": "POST",
				"header": [],
				"body": {
					"mode": "raw",
					"raw": "{\n    \"name\": \"Joko Widodo\",\n    \"address\": \"Dusun Pisang Rt 10 Rw 20\",\n    \"birth_date\": \"1992-03-10\",\n    \"balance\": 100000\n}",
					"options": {
						"raw": {
							"language": "json"
						}
					}
				},
				"url": {
					"raw": "https://financial-alami.herokuapp.com/api/v1/member",
					"protocol": "https",
					"host": [
						"financial-alami",
						"herokuapp",
						"com"
					],
					"path": [
						"api",
						"v1",
						"member"
					]
				}
			},
			"response": [
				{
					"name": "Insert One Member",
					"originalRequest": {
						"method": "POST",
						"header": [],
						"body": {
							"mode": "raw",
							"raw": "{\n    \"name\": \"Wawan Setiawan\",\n    \"address\": \"kompleks Asia Serasi No 100\",\n    \"birth_date\": \"1990-01-10\",\n    \"balance\": 100000\n}",
							"options": {
								"raw": {
									"language": "json"
								}
							}
						},
						"url": {
							"raw": "localhost:8080/api/v1/member",
							"host": [
								"localhost"
							],
							"port": "8080",
							"path": [
								"api",
								"v1",
								"member"
							]
						}
					},
					"status": "OK",
					"code": 200,
					"_postman_previewlanguage": null,
					"header": null,
					"cookie": [],
					"body": "{\n    \"status_code\": 200,\n    \"message\": \"Success Create New Data !\",\n    \"data\": {\n        \"id\": 1,\n        \"name\": \"Wawan Setiawan\",\n        \"address\": \"kompleks Asia Serasi No 100\",\n        \"birth_date\": \"1990-01-10\",\n        \"balance\": 100000\n    }\n}"
				}
			]
		},
		{
			"name": "Update Member",
			"request": {
				"method": "PUT",
				"header": [],
				"body": {
					"mode": "raw",
					"raw": "{\n            \"name\": \"Wawan Setiawan\",\n            \"address\": \"kompleks Asia Serasi No 100\",\n            \"birth_date\": \"1990-01-10\",\n            \"balance\": 10000000\n}",
					"options": {
						"raw": {
							"language": "json"
						}
					}
				},
				"url": {
					"raw": "https://financial-alami.herokuapp.com/api/v1/member/3",
					"protocol": "https",
					"host": [
						"financial-alami",
						"herokuapp",
						"com"
					],
					"path": [
						"api",
						"v1",
						"member",
						"3"
					]
				}
			},
			"response": [
				{
					"name": "Update Member",
					"originalRequest": {
						"method": "PUT",
						"header": [],
						"body": {
							"mode": "raw",
							"raw": "{\n    \"name\": \"Wawan Setiawan\",\n    \"address\": \"kompleks Asia Serasi No 100\",\n    \"birth_date\": \"1990-01-10\",\n    \"balance\": 100000\n}",
							"options": {
								"raw": {
									"language": "json"
								}
							}
						},
						"url": {
							"raw": "localhost:8080/api/v1/member/3",
							"host": [
								"localhost"
							],
							"port": "8080",
							"path": [
								"api",
								"v1",
								"member",
								"3"
							]
						}
					},
					"_postman_previewlanguage": null,
					"header": null,
					"cookie": [],
					"body": "{\n    \"status_code\": 200,\n    \"message\": \"Success Update Data !\",\n    \"data\": {\n        \"id\": 3,\n        \"name\": \"Wawan Setiawan\",\n        \"address\": \"kompleks Asia Serasi No 100\",\n        \"birth_date\": \"1990-01-10\",\n        \"balance\": 100000\n    }\n}"
				}
			]
		},
		{
			"name": "Delete One Member",
			"request": {
				"method": "DELETE",
				"header": [],
				"url": {
					"raw": "https://financial-alami.herokuapp.com/api/v1/member/9",
					"protocol": "https",
					"host": [
						"financial-alami",
						"herokuapp",
						"com"
					],
					"path": [
						"api",
						"v1",
						"member",
						"9"
					]
				}
			},
			"response": []
		},
		{
			"name": "Melihat transaksi satu anggota",
			"request": {
				"method": "GET",
				"header": [],
				"url": {
					"raw": "https://financial-alami.herokuapp.com/api/v1/member/2",
					"protocol": "https",
					"host": [
						"financial-alami",
						"herokuapp",
						"com"
					],
					"path": [
						"api",
						"v1",
						"member",
						"2"
					]
				}
			},
			"response": [
				{
					"name": "Get Member By Id",
					"originalRequest": {
						"method": "GET",
						"header": [],
						"url": {
							"raw": "localhost:8080/api/v1/member/2",
							"host": [
								"localhost"
							],
							"port": "8080",
							"path": [
								"api",
								"v1",
								"member",
								"2"
							]
						}
					},
					"status": "OK",
					"code": 200,
					"_postman_previewlanguage": null,
					"header": null,
					"cookie": [],
					"body": "{\n    \"status_code\": 200,\n    \"message\": \"Success Get Data !\",\n    \"data\": {\n        \"id\": 2,\n        \"name\": \"Teguh Sudibyantoro\",\n        \"address\": \"Jalan Pemekaran No 99\",\n        \"birth_date\": \"1991-02-10\",\n        \"balance\": 2000000,\n        \"transaction_history\": [\n            {\n                \"id\": 4,\n                \"member_id\": 2,\n                \"transaction_type\": \"Deposit\",\n                \"amount\": 5000000,\n                \"transaction_date\": \"2020-08-18\"\n            },\n            {\n                \"id\": 5,\n                \"member_id\": 2,\n                \"transaction_type\": \"Withdraw\",\n                \"amount\": 2000000,\n                \"transaction_date\": \"2020-12-01\"\n            }\n        ]\n    }\n}"
				}
			]
		}
	]
}