{
	"info": {
		"_postman_id": "f1581415-ed5c-41be-910f-cb01f8258316",
		"name": "Transaction Deploy Heroku",
		"schema": "https://schema.getpostman.com/json/collection/v2.1.0/collection.json",
		"_exporter_id": "16666270"
	},
	"item": [
		{
			"name": "Get All Transaction",
			"request": {
				"method": "GET",
				"header": [],
				"url": {
					"raw": "https://financial-alami.herokuapp.com/api/v1/transaction?startDate=2020-12-01&endDate=2020-12-01",
					"protocol": "https",
					"host": [
						"financial-alami",
						"herokuapp",
						"com"
					],
					"path": [
						"api",
						"v1",
						"transaction"
					],
					"query": [
						{
							"key": "startDate",
							"value": "2020-12-01"
						},
						{
							"key": "endDate",
							"value": "2020-12-01"
						}
					]
				}
			},
			"response": [
				{
					"name": "Get All Transaction",
					"originalRequest": {
						"method": "GET",
						"header": [],
						"url": {
							"raw": "https://financial-alami.herokuapp.com/api/v1/transaction?startDate=2020-12-01&endDate=2020-12-01",
							"protocol": "https",
							"host": [
								"financial-alami",
								"herokuapp",
								"com"
							],
							"path": [
								"api",
								"v1",
								"transaction"
							],
							"query": [
								{
									"key": "startDate",
									"value": "2020-12-01"
								},
								{
									"key": "endDate",
									"value": "2020-12-01"
								}
							]
						}
					},
					"status": "OK",
					"code": 200,
					"_postman_previewlanguage": null,
					"header": null,
					"cookie": [],
					"body": "{\n    \"status_code\": 200,\n    \"message\": \"Success Get Data !\",\n    \"data\": [\n        {\n            \"transaction_id\": 3,\n            \"name\": \"Wawan Setiawan\",\n            \"transaction_type\": \"Deposit\",\n            \"amount\": 5000000,\n            \"date\": \"2020-12-01\"\n        },\n        {\n            \"transaction_id\": 5,\n            \"name\": \"Teguh Sudibyantoro\",\n            \"transaction_type\": \"Withdraw\",\n            \"amount\": 2000000,\n            \"date\": \"2020-12-01\"\n        }\n    ]\n}"
				}
			]
		},
		{
			"name": "Insert One Transaction",
			"request": {
				"method": "POST",
				"header": [],
				"body": {
					"mode": "raw",
					"raw": "{\n    \"member_id\": 1,\n    \"transaction_type\": \"Paid Off\",\n    \"amount\": 1000000,\n    \"transaction_date\": \"2020-11-12\"\n}",
					"options": {
						"raw": {
							"language": "json"
						}
					}
				},
				"url": {
					"raw": "https://financial-alami.herokuapp.com/api/v1/transaction",
					"protocol": "https",
					"host": [
						"financial-alami",
						"herokuapp",
						"com"
					],
					"path": [
						"api",
						"v1",
						"transaction"
					]
				}
			},
			"response": [
				{
					"name": "Insert One Transaction",
					"originalRequest": {
						"method": "POST",
						"header": [],
						"body": {
							"mode": "raw",
							"raw": "{\n    \"member_id\": 11,\n    \"transaction_type\": \"Withdraw\",\n    \"amount\": 2000000,\n    \"transaction_date\": \"2020-12-01\"\n}",
							"options": {
								"raw": {
									"language": "json"
								}
							}
						},
						"url": {
							"raw": "https://financial-alami.herokuapp.com/api/v1/transaction",
							"protocol": "https",
							"host": [
								"financial-alami",
								"herokuapp",
								"com"
							],
							"path": [
								"api",
								"v1",
								"transaction"
							]
						}
					},
					"status": "OK",
					"code": 200,
					"_postman_previewlanguage": null,
					"header": null,
					"cookie": [],
					"body": "{\n    \"status_code\": 200,\n    \"message\": \"Success Create New Data !\",\n    \"data\": {\n        \"id\": 5,\n        \"member_id\": 2,\n        \"transaction_type\": \"Withdraw\",\n        \"amount\": 2000000,\n        \"transaction_date\": \"2020-12-01\"\n    }\n}"
				},
				{
					"name": "Transaksi menghasilkan saldo dibawah 0 Copy",
					"originalRequest": {
						"method": "POST",
						"header": [],
						"body": {
							"mode": "raw",
							"raw": "{\n    \"member_id\": 10,\n    \"transaction_type\": \"Paid Off\",\n    \"amount\": 5000000,\n    \"transaction_date\": \"2020-11-12\"\n}",
							"options": {
								"raw": {
									"language": "json"
								}
							}
						},
						"url": {
							"raw": "https://financial-alami.herokuapp.com/api/v1/transaction",
							"protocol": "https",
							"host": [
								"financial-alami",
								"herokuapp",
								"com"
							],
							"path": [
								"api",
								"v1",
								"transaction"
							]
						}
					},
					"_postman_previewlanguage": null,
					"header": null,
					"cookie": [],
					"body": "{\n    \"status_code\": 400,\n    \"message\": \"Sufficient Balance! Balance must greater than 0\",\n    \"data\": null\n}"
				}
			]
		},
		{
			"name": "Get Transaction History On Range Date",
			"request": {
				"method": "GET",
				"header": [],
				"url": {
					"raw": "https://financial-alami.herokuapp.com/api/v1/transaction?startDate=2020-12-01&endDate=2020-12-01",
					"protocol": "https",
					"host": [
						"financial-alami",
						"herokuapp",
						"com"
					],
					"path": [
						"api",
						"v1",
						"transaction"
					],
					"query": [
						{
							"key": "startDate",
							"value": "2020-12-01"
						},
						{
							"key": "endDate",
							"value": "2020-12-01"
						}
					]
				}
			},
			"response": [
				{
					"name": "Get Transaction History On Range Date",
					"originalRequest": {
						"method": "GET",
						"header": [],
						"url": {
							"raw": "https://financial-alami.herokuapp.com/api/v1/transaction?startDate=2020-12-01&endDate=2020-12-01",
							"protocol": "https",
							"host": [
								"financial-alami",
								"herokuapp",
								"com"
							],
							"path": [
								"api",
								"v1",
								"transaction"
							],
							"query": [
								{
									"key": "startDate",
									"value": "2020-12-01"
								},
								{
									"key": "endDate",
									"value": "2020-12-01"
								}
							]
						}
					},
					"status": "OK",
					"code": 200,
					"_postman_previewlanguage": null,
					"header": null,
					"cookie": [],
					"body": "{\n    \"status_code\": 200,\n    \"message\": \"Success Get Data !\",\n    \"data\": [\n        {\n            \"transaction_id\": 3,\n            \"name\": \"Wawan Setiawan\",\n            \"transaction_type\": \"Deposit\",\n            \"amount\": 5000000,\n            \"date\": \"2020-12-01\"\n        },\n        {\n            \"transaction_id\": 5,\n            \"name\": \"Teguh Sudibyantoro\",\n            \"transaction_type\": \"Withdraw\",\n            \"amount\": 2000000,\n            \"date\": \"2020-12-01\"\n        }\n    ]\n}"
				}
			]
		}
	]
}